video_id,start,duration,text
oX7OduG1YmI,0.08,4.68,"I'd love to start with these. 10 years of work 
right there. Someone on your team called these  "
oX7OduG1YmI,4.76,3.68,"the real life Tony Stark glasses. Very hard 
to make each one of these... That makes me feel  "
oX7OduG1YmI,8.44,3.36,"incredibly optimistic... In a world where AI 
gets smarter and smarter... This is probably  "
oX7OduG1YmI,11.8,4.52,"going to be the next major platform after 
phones... I miss hugging my mom. Yeah haptics  "
oX7OduG1YmI,16.32,5.0,"is hard... How does generative AI change 
how social media feels?... We haven't found  "
oX7OduG1YmI,21.32,4.72,"the end yet... The average American has fewer 
friends now than they did 15 years ago. Why  "
oX7OduG1YmI,26.04,6.711,"do you think that's happening? I mean 
there's a lot going on to to unpack there..."
oX7OduG1YmI,33.835,7.245,"I'm about to interview Meta CEO
Mark Zuckerberg. There are not  "
oX7OduG1YmI,41.08,6.24,"that many people with more power over what our 
future might look like. Nearly half the total human  "
oX7OduG1YmI,47.32,5.44,"population now uses Meta products and I just 
tested some of their new tech that feels like  "
oX7OduG1YmI,52.76,7.4,"science fiction. This is crazy! Mark Zuckerberg and 
the team at Meta are imagining a future that billions  "
oX7OduG1YmI,60.16,4.92,"of other people might actually end up living in. So 
my goal for this conversation is to try to figure  "
oX7OduG1YmI,65.08,5.6,"out what that future really looks like. To paint a 
picture of the future Mark Zuckerberg is trying to  "
oX7OduG1YmI,70.68,4.393,"build so that you can decide for yourself what you 
think of it. Welcome to the first episode of our  "
oX7OduG1YmI,75.073,2.676,"new series, Huge Conversations"
oX7OduG1YmI,83.012,3.067,"Hey, good to meet you! Thanks
for doing this. Yeah looking forward  "
oX7OduG1YmI,86.079,8.241,"to it. Awesome. I'd love to tell you what my goal 
is of this conversation. Go for it. We have a called  "
oX7OduG1YmI,94.32,5.44,"huge if true which is this very optimistic about 
science and technology and the potential futures  "
oX7OduG1YmI,99.76,5.92,"that we can build and in every episode we're sort 
of exploring what does it look like if you play a  "
oX7OduG1YmI,105.68,7.16,"certain technological future out and so my goal 
in this conversation is to try to help people  "
oX7OduG1YmI,112.84,4.4,"see the future that you're imagining when you're 
building the products that you and the Meta team  "
oX7OduG1YmI,117.24,4.2,"are building. What are you imagining this looks 
like in future? How are you imagining people use  "
oX7OduG1YmI,121.44,7.8,"this? All of that. Cool. All right awesome. So 
I'd love to start with these. Let's do it. 10 years  "
oX7OduG1YmI,129.24,6.64,"of work right there! I got to demo them a little 
bit earlier today. I heard someone on your team  "
oX7OduG1YmI,135.88,4.8,"call these the real life Tony Stark glasses? We're 
getting there. But I'd love to just hear in your  "
oX7OduG1YmI,140.68,8.64,"voice what are these? Well these are the first full 
holographic augmented reality glasses I think that  "
oX7OduG1YmI,149.32,8.08,"exist in the world. We've made I think it's a 
a few thousand or something right. Very hard to  "
oX7OduG1YmI,157.4,6.2,"make each one of these but this is the culmination 
of 10 years of research and and development that  "
oX7OduG1YmI,163.6,9.84,"we've done to basically miniaturize all the 
computing that you need to have glasses not a  "
oX7OduG1YmI,173.44,7.52,"headset but glasses that can put full holograms 
into the world with a wide field of view. So you  "
oX7OduG1YmI,180.96,5.24,"can imagine sort of in the future we'd be having a 
version of this conversation where you know maybe  "
oX7OduG1YmI,186.2,4.48,"I or you are not even here it's like one of us is 
physically here and the other one is here as a as  "
oX7OduG1YmI,190.68,4.24,"kind of a full body hologram and it's not just 
a video call you can actually interact you can  "
oX7OduG1YmI,194.92,5.08,"do things I mean in the the demo we had the you 
know ping pong and games and things like that but  "
oX7OduG1YmI,200.0,4.24,"I mean you could you can interact you can work 
together you can you know play poker play chests  "
oX7OduG1YmI,204.24,5.16,"whatever like the holographic cards holographic 
board game. I just think it's going to be wild."
oX7OduG1YmI,209.4,7.36,"it's going to remake I think so many different 
fields that we think about today from how we work  "
oX7OduG1YmI,216.76,6.4,"and productivity to a lot of things around science 
a lot of things around education entertainment fun  "
oX7OduG1YmI,223.16,5.12,"gaming. But this is just the beginning you 
know this is the first version, it's a  "
oX7OduG1YmI,228.28,6.6,"prototype version that we've made in order 
to develop the next version which is hopefully  "
oX7OduG1YmI,234.88,4.96,"going to be the consumer one that we sell to 
a lot of people. Why build these? Well I think  "
oX7OduG1YmI,239.84,4.92,"it's going to be the next major computing platform. 
So if you look at like the grand arc of computing  "
oX7OduG1YmI,244.76,6.24,"over time you've you've gone from like main 
frames to computers that basically like live  "
oX7OduG1YmI,251.0,6.4,"on you know your desk or on a tower to phones 
that you have in your hand that you basically  "
oX7OduG1YmI,257.4,4.48,"like you know can take with you everywhere that 
you want but it's it's pretty unnatural right it  "
oX7OduG1YmI,261.88,7.04,"takes you away from the world around you and. I 
think that the trend in computing is it gets more  "
oX7OduG1YmI,268.92,5.84,"ubiquitous it gets more natural and it just 
gets more social right so you want to be able  "
oX7OduG1YmI,274.76,3.96,"to interact with people in the world around you 
and I think that this is probably going to be  "
oX7OduG1YmI,278.72,5.36,"the next major platform after phones. I'll give 
these to you. These are the clear ones that show  "
oX7OduG1YmI,284.08,4.08,"all the... The whole thing is a special edition and 
this is like a really special edition. There's  "
oX7OduG1YmI,288.16,11.84,"not a single millimeter of of space. You know 
everything in here from the micro projectors that  "
oX7OduG1YmI,300.0,6.12,"um basically shoot light into the wave guides 
right it's a special type of display system. I  "
oX7OduG1YmI,306.12,5.24,"mean these aren't normal displays like you have 
in a phone or a TV or computer like the type of  "
oX7OduG1YmI,311.36,4.6,"displays that people have been building for 
decades. It's a waveguide system. The projector  "
oX7OduG1YmI,315.96,7.28,"that's shooting light basically goes into these 
nano etchings across the wave guide that are what  "
oX7OduG1YmI,323.24,6.88,"catches and creates the holograms. In order to 
synchronize that with your where you're looking  "
oX7OduG1YmI,330.12,5.4,"there's eye tracking and little cameras, 
they illuminate your eyes and then of course  "
oX7OduG1YmI,335.52,6.32,"there's all the basic stuff that you need all the 
computing, the batteries to power the whole thing,  "
oX7OduG1YmI,341.84,6.48,"microphones, the speakers because it needs to be 
able to play audio and speak with you and the  "
oX7OduG1YmI,348.32,4.92,"cameras and sensors to see things around you in 
the world so that way when it's placing holograms  "
oX7OduG1YmI,353.24,4.8,"in the world it can do that in the right place 
and understand where you are so that probably  "
oX7OduG1YmI,358.04,5.16,"is still not covering everything because there's 
a lot of things that need to go into syncing up  "
oX7OduG1YmI,363.2,5.56,"the holographic images between the two displays 
because you don't just have a single display  "
oX7OduG1YmI,368.76,6.44,"like you have in a phone or TV you have two and 
it moves around and you know physical things  "
oX7OduG1YmI,375.2,4.28,"are hard and need to be synced up. There's also 
the radio that has to communicate with your other  "
oX7OduG1YmI,379.48,6.2,"computing devices to do heavier computing um and 
the wrist based neural interface that you probably  "
oX7OduG1YmI,385.68,5.52,"got to try out. We kind of miniaturized all of this 
and fit it into uh you know normal looking pair of  "
oX7OduG1YmI,391.2,7.16,"glasses which is... you know when I told the team 
that we were going to do this 10 years ago you  "
oX7OduG1YmI,398.36,3.92,"know people weren't sure if we were going to be 
able to but I think you not only we're going  "
oX7OduG1YmI,402.28,3.84,"to be able to do this but I think we're going to 
be able to get it cheaper and higher quality and  "
oX7OduG1YmI,406.12,4.88,"even even smaller and more stylish over time. So 
I think this is going to be a pretty wild future.  "
oX7OduG1YmI,411.0,6.24,"There are so many versions of trying to get 
a similar idea of digital objects in physical  "
oX7OduG1YmI,417.24,8.56,"space. I'm thinking of for example of glasses that 
have heads up displays where it's headlocked and  "
oX7OduG1YmI,425.8,4.92,"it's moving with my eyes, glasses that are really 
creating digital objects in physical space that  "
oX7OduG1YmI,430.72,6.2,"don't move as I move, I'm thinking of these, I'm 
also thinking of the Snapchat Spectacles that they  "
oX7OduG1YmI,436.92,5.16,"just announced, then on the other hand there are 
headsets like the Quest and also like the Apple  "
oX7OduG1YmI,442.08,4.68,"Vision Pro that seem to fall into a different 
category. I'm curious how you would organize this  "
oX7OduG1YmI,446.76,4.36,"landscape for people and how you think about 
people using these tools in their real lives  "
oX7OduG1YmI,451.12,5.12,"in the near future? Yeah so when we were getting 
started on this about 10 years ago I thought that  "
oX7OduG1YmI,456.24,5.12,"something like this was going to be the ultimate 
product for everyone. Right you get to you know  "
oX7OduG1YmI,461.36,4.68,"normal looking pair of glasses and we'll continue 
improving that that can have full holographic  "
oX7OduG1YmI,466.04,5.64,"images. I think it's super powerful 
and it is sort of the science fiction future that  "
oX7OduG1YmI,471.68,7.88,"I think we all hope to get to. On the journey we 
took a few other approaches as well um to help us  "
oX7OduG1YmI,479.56,6.68,"develop towards that including building glasses 
that don't have displays to try to learn. Just  "
oX7OduG1YmI,486.24,4.88,"take a stylish pair of glasses today and put as 
much technology into it as you can but really  "
oX7OduG1YmI,491.12,5.76,"focus on the form factor and that's the Ray Ban 
Meta glasses and it's doing really well and  "
oX7OduG1YmI,496.88,6.24,"initially we thought that that was sort of intro 
product for us to learn how to build this but one  "
oX7OduG1YmI,503.12,6.8,"of the things that's clear now is you're going to 
be able to make that product a lot more affordable  "
oX7OduG1YmI,509.92,5.88,"than this probably permanently. So I actually think 
that there are going to be a bunch of different of  "
oX7OduG1YmI,515.8,4.64,"these paths that we've taken are going to be 
kind of permanent product lines that people  "
oX7OduG1YmI,520.44,5.4,"will choose. I think you'll see display-less glasses 
like the Ray Ban Metas continue to get better and  "
oX7OduG1YmI,525.84,5.4,"better, great for AI, no display but you can talk 
to it, it can talk back. I think there's going to  "
oX7OduG1YmI,531.24,6.0,"be something in between these that's basically a 
heads up display, so it's not a 70° field of view,  "
oX7OduG1YmI,537.24,6.36,"maybe it's a 20° or 30 degree field of view, 
so that's not going to be what you want for  "
oX7OduG1YmI,543.6,4.76,"putting kind of a full hologram of a person or 
interacting with the world around you but it's  "
oX7OduG1YmI,548.36,4.52,"going to be great for you know when you're talking 
to AI, not just having voice but also being able  "
oX7OduG1YmI,552.88,5.88,"to see what it's saying or being able to text 
someone with your wrist-based neural interface and  "
oX7OduG1YmI,558.76,4.16,"then have their text show up rather than having it 
read to you, which is, we read faster than we  "
oX7OduG1YmI,562.92,5.2,"can listen or getting directions right or just 
being able to search for information get all that.  "
oX7OduG1YmI,568.12,4.0,"So there's a lot of value for heads up display 
that will be somewhat more expensive than the  "
oX7OduG1YmI,572.12,6.44,"display-less but somewhat cheaper than this. 
Then I think you're going to get this. It's going  "
oX7OduG1YmI,578.56,7.44,"to be probably the most premium and and expensive 
of glasses products but hopefully still something  "
oX7OduG1YmI,586.0,5.2,"that you know like a computer is generally 
accessible to most people in the world but I think  "
oX7OduG1YmI,591.2,4.4,"that there are going to be all of those and I 
I think people will like them. I also think that  "
oX7OduG1YmI,595.6,5.4,"the headsets that people are using around mixed 
reality will continue to be a thing too because  "
oX7OduG1YmI,601.0,3.6,"no matter how good we get at miniaturizing 
the tech for this you're just going to be  "
oX7OduG1YmI,604.6,6.76,"able to fit more compute into a full headset. 
Fundamentally our mission is not you know build  "
oX7OduG1YmI,611.36,5.84,"something that is advanced and only a few people 
can use, we want to take it you the last mile and  "
oX7OduG1YmI,617.2,5.56,"do all the innovation to get it to everyone. We 
you know just shipped or announced Quest 3S,  "
oX7OduG1YmI,622.76,6.56,"the new mixed reality headset where we basically are 
delivering high quality mixed reality for $299.  "
oX7OduG1YmI,630.32,5.68,"I was really proud last year when we delivered 
Quest 3, the first kind of really high quality  "
oX7OduG1YmI,636.0,6.92,"high resolution color mixed reality device for 
$500, right it was like, it's like a fraction of  "
oX7OduG1YmI,642.92,3.96,"the cost of of what the competitors are doing 
and I think it's actually higher quality in a  "
oX7OduG1YmI,646.88,5.8,"lot of ways, and now we've just doubled down on 
that. So I think that they're all actually going  "
oX7OduG1YmI,652.68,6.96,"to end up being important long-term product lines: 
display-less, heads up display, full holographic  "
oX7OduG1YmI,659.64,6.92,"AR, full headsets. I think that they're all going 
to be important. Yeah. If you play out the future  "
oX7OduG1YmI,666.56,9.72,"of not just the hardware that we've been talking 
about so Meta Ray Bans, Quest, Orion, but also  "
oX7OduG1YmI,676.28,6.88,"the Llama models, if everything goes according to 
you and the teams wildest dreams, I'd love for  "
oX7OduG1YmI,683.16,5.12,"you to just begin to describe what that feels like. 
I mean I think that there are two primary values  "
oX7OduG1YmI,688.28,6.28,"that we're trying to bring. On the AR and kind of 
mixed reality side, the main value we're trying to  "
oX7OduG1YmI,694.56,5.24,"bring is this feeling of presence .Right so there's 
something that I think is just really deep about  "
oX7OduG1YmI,699.8,6.16,"being physically present with another person that 
you don't get from any other technology today and  "
oX7OduG1YmI,705.96,5.08,"I think that's the thing when people have a very 
visceral reaction to experiencing virtual or mixed  "
oX7OduG1YmI,711.04,5.76,"reality what they're really reacting to is that 
they actually for the first time with technology  "
oX7OduG1YmI,716.8,5.4,"feel a sense of presence like they're in a place 
with the person and that's super powerful. I  "
oX7OduG1YmI,722.2,6.32,"focused on designing social apps and experiences 
for 20 years that's sort of like the Holy Grail  "
oX7OduG1YmI,728.52,5.16,"of that is being able to build a technology 
platform that delivers this like deep sense of  "
oX7OduG1YmI,733.68,6.8,"of social presence. The other big track is around 
personalized AI and for that and that's sort of  "
oX7OduG1YmI,740.48,4.72,"where Llama and Meta AI and all those things are 
going. There's all this development that's going  "
oX7OduG1YmI,745.2,6.48,"into making the models smarter and smarter over 
time but I think where this is going to get  "
oX7OduG1YmI,751.68,6.36,"really compelling is when it's personalized for 
you and in order for it to be personalized for you  "
oX7OduG1YmI,758.04,6.48,"it has to have context and understand what's going 
on in your life both kind of at a global level and  "
oX7OduG1YmI,764.52,5.04,"like what's physically happening around you right 
now and in order to do that I think that glasses  "
oX7OduG1YmI,769.56,4.4,"are going to be the ideal form factor because 
they're positioned on your face in a way where  "
oX7OduG1YmI,773.96,4.88,"they can let them see what you see and hear what 
you hear which are the two most important senses  "
oX7OduG1YmI,778.84,4.96,"that we use for for kind of taking information 
and context about the world. I think that this is  "
oX7OduG1YmI,783.8,3.68,"all going to be kind of really deep and profound 
stuff but it's basically those two things: It's  "
oX7OduG1YmI,787.48,5.04,"this feeling of presence and this capability 
of really personalized intelligence that can  "
oX7OduG1YmI,792.52,7.52,"help you. I'd love to talk about each of those 
two things. The first on presence, I owe a lot  "
oX7OduG1YmI,800.04,5.84,"to being able to connect with people online. Right 
this job that I have is by definition that, also with  "
oX7OduG1YmI,805.88,5.88,"my family. My parents don't live anywhere close 
to me. I video call them a lot and when I think  "
oX7OduG1YmI,811.76,7.92,"about the progress of technology like this in a 
timeline from the telegram to the telephone  "
oX7OduG1YmI,819.68,5.48,"to video call to some feeling of presence with 
another person who's feels like they're right  "
oX7OduG1YmI,825.16,6.04,"there in front of me, that makes me feel incredibly 
optimistic. I would love a future where like I can  "
oX7OduG1YmI,831.2,6.0,"lose in Scrabble to my mom and feel like she's 
really there in front of me. Yeah and it feels like  "
oX7OduG1YmI,837.2,4.44,"we're not that far away from something - I agree! - that
persuades my brain that that's happening. Yeah  "
oX7OduG1YmI,841.64,10.68,"totally. And also I miss hugging my mom right like 
that never goes away. Yeah haptics is hard. Yeah and  "
oX7OduG1YmI,852.32,3.76,"so my question is about that 
it's about this this feeling of like it's hard  "
oX7OduG1YmI,856.08,9.44,"for me to imagine um a future where real physical 
presence is not different and special in some way  "
oX7OduG1YmI,865.52,8.24,"where I don't miss literally hugging my 
mom and I'm curious how you think about the  "
oX7OduG1YmI,873.76,7.6,"parts of human connection that are eye contact and 
physical touch and things that our ape brains  "
oX7OduG1YmI,881.36,6.16,"value for connection with other people. Yeah well eye
contact I think we're going to get to a lot before  "
oX7OduG1YmI,887.52,6.4,"the the touch part. For haptics I do think we'll 
make progress on that but it's it's obviously  "
oX7OduG1YmI,893.92,7.2,"there's a spectrum there too from kind of hands 
which is where if you you draw out the kind  "
oX7OduG1YmI,901.12,4.8,"of like homunculus version of a person in terms 
of like what are what are our kind of sensory you  "
oX7OduG1YmI,905.92,4.84,"know what what's like the majority of what we're 
sensing it's like yeah yeah so I think being  "
oX7OduG1YmI,910.76,5.76,"able to do that for your hands is probably the 
most important place to start and you have a rough  "
oX7OduG1YmI,916.52,4.64,"version of that with controllers today. I think 
that that'll get even more over time. We have this  "
oX7OduG1YmI,921.16,5.88,"demo playing pingpong where you have a controller 
where as the digital ball hits the ping pong  "
oX7OduG1YmI,927.04,4.56,"paddle you feel it hit the as if it's hitting the 
ping pong paddle wherever it is so you actually  "
oX7OduG1YmI,931.6,5.04,"have a sense of like where it's it's hitting 
the the the paddle so I think that was that  "
oX7OduG1YmI,936.64,5.28,"was just a wild demo so I think we'll get some of 
that the most extreme version of this is wanting  "
oX7OduG1YmI,941.92,5.68,"force feedback right so I mean like for doing a lot 
of sports right it's it's like okay we can kind of  "
oX7OduG1YmI,947.6,6.52,"do a good approximation of like boxing today or 
you get like good feedback on your hands but it  "
oX7OduG1YmI,954.12,5.48,"would be hard to do a virtual reality version of 
Jiu-Jitsu where you're like grappling with someone and  "
oX7OduG1YmI,959.6,4.44,"you need like real kind of force feedback on 
that so that's probably like the hardest thing  "
oX7OduG1YmI,964.04,7.0,"right to go do but I think we'll get there. 
You know I think like most science fiction it's  "
oX7OduG1YmI,971.04,3.92,"not this binary thing that you just like wake up 
one day and we're like oh we've realized all the  "
oX7OduG1YmI,974.96,5.96,"dreams but but I I do think that these platforms 
are going to be the first time that I think that  "
oX7OduG1YmI,980.92,8.16,"there's a realistic sense of presence in all 
the ways that that's special to people for  "
oX7OduG1YmI,989.08,4.56,"most things that people want to do which are not 
the most physical ones and even some of the basic  "
oX7OduG1YmI,993.64,4.36,"physical ones I think we'll get. But then there's 
a long tale of other stuff I mean smell is also  "
oX7OduG1YmI,998.0,4.52,"really important for people yeah right it's 
I think it's disproportionately important for  "
oX7OduG1YmI,1002.52,6.72,"memories and that's not really a thing that 
I think in the next few years we're going to  "
oX7OduG1YmI,1009.24,5.92,"have in any of these devices I mean that's a very 
difficult and challenging thing on its own. What is  "
oX7OduG1YmI,1015.16,6.56,"the piece of that that you feel most interested in, 
that you keep coming back to in your mind? This has  "
oX7OduG1YmI,1021.72,5.6,"the frustrating property to develop that the 
sense of presence is almost like when you're  "
oX7OduG1YmI,1027.32,4.96,"designing something that that's sort of trying 
to artificially deliver it you're delivering  "
oX7OduG1YmI,1032.28,8.0,"an illusion to a person and more than any one 
thing that provides a sense of presence it's  "
oX7OduG1YmI,1040.28,4.44,"actually more the case that any one thing done 
wrong breaks the sense of presence. You kind  "
oX7OduG1YmI,1044.72,8.36,"of know that you're interacting with technology 
but it's so convincing that um that you just kind  "
oX7OduG1YmI,1053.08,4.6,"of go along with it. You're like okay yeah no this 
person feels like it feel like they're there right.  "
oX7OduG1YmI,1057.68,6.84,"When I did that pingpong demo I like at the end 
of it I dropped the pingpong paddle on the virtual  "
oX7OduG1YmI,1064.52,6.4,"table and it shattered so that was not the best 
for for our internal development but  "
oX7OduG1YmI,1070.92,4.12,"like that's winning in our in our development 
right it's like when when you feel like something  "
oX7OduG1YmI,1075.04,6.84,"is is kind of so realistic that you you're just 
convinced that um that it's there now and there  "
oX7OduG1YmI,1081.88,4.92,"are a lot of things that can break that right so 
I think a a field of view that's too low right so  "
oX7OduG1YmI,1086.8,5.8,"something feels real but then you turn your head 
and it's not there um latency read physics that  "
oX7OduG1YmI,1092.6,7.16,"don't behave like realistic physics. It also is 
interesting in some ways what people can accept  "
oX7OduG1YmI,1099.76,5.8,"as physically real even though it's not right 
so like we've done a ton of work on avatars we  "
oX7OduG1YmI,1105.56,5.0,"we have this whole work stream on Kodak avatars 
to do these photo avatars and it's I think it's  "
oX7OduG1YmI,1110.56,5.48,"going to be incredbly compelling and people are 
going to love it but one of the things I found  "
oX7OduG1YmI,1116.04,6.6,"interesting is the ability to mix photorealistic 
and expressive kind of the cartoony avatars with  "
oX7OduG1YmI,1122.64,6.88,"photorealistic worlds and kind of more cartoony 
computer game type worlds so you can have the  "
oX7OduG1YmI,1129.52,5.24,"a Kodak kind of photorealistic avatar of a 
person in what is clearly like a video game  "
oX7OduG1YmI,1134.76,4.16,"or cartoon world and people are generally 
pretty fine with that it's like okay that  "
oX7OduG1YmI,1138.92,7.56,"that feels pretty good and similarly having 
a photorealistic world but good increasingly  "
oX7OduG1YmI,1146.48,6.68,"good kind of cartoon avatars as long as the 
avatars move in a way that feels authentic to  "
oX7OduG1YmI,1153.16,3.88,"the person you're interacting with it actually 
feels pretty good you know it's when you look at  "
oX7OduG1YmI,1157.04,5.6,"a 2d still frame of it some of the stuff can 
look a little bit silly and and we've certainly  "
oX7OduG1YmI,1162.64,5.2,"you know had had a our share of memes around 
that but um but when you're in there you know and  "
oX7OduG1YmI,1167.84,4.64,"you you've played around with lot of the stuff it 
feels realistic because it's basically mimicking  "
oX7OduG1YmI,1172.48,5.16,"the kind of authentic mannerisms of of a person 
that you're interacting with and even if it's not  "
oX7OduG1YmI,1177.64,4.76,"a Kodak photo realistic avatar if it's kind of 
a more cartoony expressive one so I I think that  "
oX7OduG1YmI,1182.4,5.72,"that's it's very interesting to see kind of 
which pieces you need to unlock and what where you  "
oX7OduG1YmI,1188.12,4.72,"just need to be like very technically excellent 
and consistent but it's um this isn't a space  "
oX7OduG1YmI,1192.84,5.96,"where it's like you deliver one thing and it's 
good this is like there's a wide breth of things  "
oX7OduG1YmI,1198.8,4.68,"that you need to nail and then have it all come 
together and that's why these are you know 10 year"
oX7OduG1YmI,1203.48,8.36,"projects. It seems like an interesting way to learn 
about the human brain and what we actually care  "
oX7OduG1YmI,1211.84,5.48,"about with respect to what feels real. I was 
wondering about, there was this moment in an  "
oX7OduG1YmI,1217.32,7.72,"interview that you did with Lex Friedman, you quoted 
research that says that the average American has  "
oX7OduG1YmI,1225.04,5.36,fewer friends now than they did 15 years ago  and I was so interested in that because  
oX7OduG1YmI,1230.4,6.04,"it seems like if we want to get to a world where 
there's more human connection this is the trend  "
oX7OduG1YmI,1236.44,7.32,"that we're going to have to grapple with and just 
to give some data on this in the American Time Use "
oX7OduG1YmI,1243.76,5.36,"Survey over the last 20 years the amount of time 
American adults spend socializing in person has  "
oX7OduG1YmI,1249.12,9.72,"dropped by nearly 30%. For ages 15 to 24 according 
to the Surgeon General it's nearly 70%. and I  "
oX7OduG1YmI,1258.84,4.64,"look at that data and I think to myself well maybe 
if we're all socializing digitally that doesn't  "
oX7OduG1YmI,1263.48,5.16,"matter so much maybe there's a future where that's 
actually fine but there's also data that suggest  "
oX7OduG1YmI,1268.64,6.6,"that we're struggling somewhat. The number of 
Americans who say that they don't have a single  "
oX7OduG1YmI,1275.24,9.04,"close friend - yeah it's really sad - that share has
jumped from 3% to 12% in the last 30 years. It feels to"
oX7OduG1YmI,1284.28,9.16,"me like with all the tools that we've built for human
connection, we're struggling to connect and I'm curious  "
oX7OduG1YmI,1293.44,9.96,"why do you think that's happening? I mean there's a lot 
going on to to unpack there. A lot has changed  "
oX7OduG1YmI,1303.4,5.72,"sort of economically and socially during that 
period and a lot of those trends go back before  "
oX7OduG1YmI,1309.12,5.4,"a lot of the modern technology. So I mean this 
is something that a lot of academics and folks  "
oX7OduG1YmI,1314.52,7.0,"have have studied but it is an interesting lens 
to look at this though because I think whenever  "
oX7OduG1YmI,1321.52,5.68,"you're talking about building digital types 
of connection one of the first questions that  "
oX7OduG1YmI,1327.2,9.08,"you get is is that going to replace the physical 
connection and my answer to that especially in the  "
oX7OduG1YmI,1336.28,8.92,"case of something like this is that no because 
people already don't have as much connection  "
oX7OduG1YmI,1345.2,5.28,"as they would like to have. It's not like this is 
replacing some sort of better physical connection  "
oX7OduG1YmI,1350.48,6.76,"that they would have otherwise had. It's that the 
average person would like to have 10 friends and  "
oX7OduG1YmI,1357.24,8.64,"they have two right or three and there's just 
more demand to socialize than what people are  "
oX7OduG1YmI,1365.88,6.32,"able to do given the current construct and giving 
people the ability to be present with people who  "
oX7OduG1YmI,1372.2,4.24,"are in other places physically just seems like 
it will unlock more. It's not going to make it  "
oX7OduG1YmI,1376.44,4.12,"so, if I have glasses, it's not going to make 
it that I spend less time with my wife, it's going  "
oX7OduG1YmI,1380.56,5.8,"to make it so that I spend more time with you 
know my sister who lives across the country. And  "
oX7OduG1YmI,1386.36,6.6,"that's, I think that's good. I 
think people need that. As for the rest, I  "
oX7OduG1YmI,1392.96,6.12,"I think we could probably spend a multi-hour 
podcast just going into all of the different  "
oX7OduG1YmI,1399.08,9.44,"kind of socioeconomic political dynamics that are 
going on but none of the trends that I've seen  "
oX7OduG1YmI,1408.52,5.0,"does it seem like the primary thing that's going 
on is that because people are interacting online  "
oX7OduG1YmI,1413.52,9.4,"they're now not interacting with their with people
physically. Now certainly I think you  "
oX7OduG1YmI,1422.92,5.56,"you I do interact with people online who I also 
like to interact with physically but and I think  "
oX7OduG1YmI,1428.48,5.68,"that that's kind of like a combination um like 
more combined richer relationship that you have  "
oX7OduG1YmI,1434.16,6.92,"overall but I think that there's a lot going 
on with the loss of of kind of social capital and  "
oX7OduG1YmI,1441.08,7.44,"connections that really predates a lot of the 
modern technology. The goal of what, I'm what I'm  "
oX7OduG1YmI,1448.52,7.4,"trying most to learn about is how we can structure 
the technologies that we use in the future to get  "
oX7OduG1YmI,1455.92,6.08,"toward this future I think you're imagining of 
more human connection in more ways. I'm curious, you  "
oX7OduG1YmI,1462.0,7.24,"brought up the other big pillar of AI and in some 
of your conversations, I'm thinking of a conversation  "
oX7OduG1YmI,1469.24,6.24,"with Tim Ferris in particular, you talked about 
a lot of different use cases of AI and they seem  "
oX7OduG1YmI,1475.48,7.28,"to me to fall on somewhat of a spectrum. Like 
for example you mentioned automatic real-time  "
oX7OduG1YmI,1482.76,4.76,"translation, like basically the Star Trek 
Universal translator. We're pretty  "
oX7OduG1YmI,1487.52,7.04,"much there! Yeah and that's one example on one 
end of the spectrum where some people might argue  "
oX7OduG1YmI,1494.56,4.8,"that there is a chance that someone is less likely 
for example to learn a language because we can all  "
oX7OduG1YmI,1499.36,4.68,"speak to each other in real time in different 
languages. I think nobody would really argue  "
oX7OduG1YmI,1504.04,4.52,"that therefore we shouldn't have that kind of 
universal translator. People still learn Latin and  "
oX7OduG1YmI,1508.56,8.08,"Greek. Right exactly and so I think that end 
of the spectrum is something like um technologies  "
oX7OduG1YmI,1516.64,7.2,"that really measurably unlock our humanity because 
they remove a struggle between people and then on  "
oX7OduG1YmI,1523.84,3.8,"the other end of the spectrum there are a lot of 
educational things for example where the struggle  "
oX7OduG1YmI,1527.64,5.12,"is kind of the point right? Like it's like building 
a muscle. I can think of so many times  "
oX7OduG1YmI,1532.76,4.2,"in my life where like the reason why I was doing 
something was not the output it was the fact that  "
oX7OduG1YmI,1536.96,4.92,"I was trying so hard to do it. There's one example 
in the Tim Ferris interview where you talked  "
oX7OduG1YmI,1541.88,6.16,"about your kids struggling to articulate 
themselves emotionally and adults very much had  "
oX7OduG1YmI,1548.04,6.44,"the same problem and you talked about AI as a way 
to help them articulate those emotions. Yeah and  "
oX7OduG1YmI,1554.48,5.6,"I thought about all of the many times in my life 
where I have struggled to articulate my emotions  "
oX7OduG1YmI,1560.08,4.16,"and how I really could have used some help in 
those moments and I also found myself thinking  "
oX7OduG1YmI,1564.24,5.08,"about the times when that was really building 
a muscle where like the act of struggling to  "
oX7OduG1YmI,1569.32,4.76,"communicate with someone and understand what they 
wanted from me was was important to my development.  "
oX7OduG1YmI,1574.08,5.48,"And so my question is if you think about that 
as a spectrum between things that are really  "
oX7OduG1YmI,1579.56,5.88,"important to our humanity where and the struggle 
being removed is helpful versus things where the  "
oX7OduG1YmI,1585.44,6.0,"struggle is the point and it unlocks 
something about our humanity and is important  "
oX7OduG1YmI,1591.44,6.04,"to preserve like building a muscle, how do you 
draw the line between those things and how do  "
oX7OduG1YmI,1597.48,5.12,"we ensure that the muscles that we're building for 
this future are stronger and not weaker? Yeah it's  "
oX7OduG1YmI,1602.6,4.88,"interesting I mean I think we're always going to 
find new things to struggle with and I mean it's  "
oX7OduG1YmI,1607.48,4.56,"you can always get better at communicating with 
other people and kind of expressing yourself and  "
oX7OduG1YmI,1612.04,4.92,"understanding other people so having a tool that 
can help you do that better isn't going to mean  "
oX7OduG1YmI,1616.96,8.64,"that like oh now we perfectly understand every you 
know it's I mean I think the maybe one  "
oX7OduG1YmI,1625.6,3.44,"of the most functional aspects of this you're 
already seeing a lot of these AI models really  "
oX7OduG1YmI,1629.04,5.88,"help people with coding right like a generation 
ago um before I was getting started a lot of  "
oX7OduG1YmI,1634.92,5.84,"coding was like really low-level system software 
and you know then by the time that I got into  "
oX7OduG1YmI,1640.76,6.08,"it there was a little bit of that but um you you 
can make websites pretty easily make apps pretty  "
oX7OduG1YmI,1646.84,7.28,"easily and I think in 20 years or a lot sooner 
than that you're going to basically be in a  "
oX7OduG1YmI,1654.12,5.36,"world where kids will be able to just describe the 
things that they want and build incredibly complex  "
oX7OduG1YmI,1659.48,7.6,"pieces of software so it's um in that world 
are kids going to be not struggling I I don't  "
oX7OduG1YmI,1667.08,4.8,"think so I think that they're going to be just 
expressing their creativity and and it'll it'll  "
oX7OduG1YmI,1671.88,7.36,"be this kind of constant iterative feedback loop 
around like okay like yeah I you know took a few  "
oX7OduG1YmI,1679.24,5.88,"minutes to describe this thing and like yeah this 
whole like amazing virtual world was created that  "
oX7OduG1YmI,1685.12,5.32,"I can have see on my glasses or whatever but like 
these things are not exactly what I want them to  "
oX7OduG1YmI,1690.44,4.6,"be so now I need to like go back and edit them it 
just I don't know I think that there's always  "
oX7OduG1YmI,1695.04,6.08,"more. Another way to get this - it's one of the things 
that I think makes makes people so good. It just  "
oX7OduG1YmI,1701.12,4.0,"there's there's always more to do. We'll always 
find the struggle? Yeah. Another way to get at this  "
oX7OduG1YmI,1705.12,5.84,"is if you if you play this out to make the 
tools even better in like 10 years let's say  "
oX7OduG1YmI,1710.96,4.8,"your kids are in high school are there ways that 
you would want them using AI because you think it  "
oX7OduG1YmI,1715.76,6.92,"would accelerate them intellectually and ways that 
you would advocate for them not to use it or  "
oX7OduG1YmI,1722.68,3.88,"things that you would have concerns about? I mean 
I think that there's some things that you need  "
oX7OduG1YmI,1726.56,6.24,"to be able to do yourself. I think that's a lot of 
the basic fear that people have around this is "
oX7OduG1YmI,1732.8,9.04,"that while we're building these amazing tools we 
get away from this self-confidence and ability of  "
oX7OduG1YmI,1741.84,6.28,"being able to do like this basic stuff yourself so 
it's like all right you have a calculator but it's  "
oX7OduG1YmI,1748.12,4.88,"still good to be able to do kind of basic math in 
your head because there are a lot of things that  "
oX7OduG1YmI,1753.0,6.96,"come up throughout the day that you just want to 
have a general numeracy around right that often  "
oX7OduG1YmI,1759.96,5.56,"they're not expressed in numerical terms but just 
in terms of understanding trends or understanding  "
oX7OduG1YmI,1765.52,4.8,"arguments that people are making, you you kind of 
need to understand the shape of how numbers come  "
oX7OduG1YmI,1770.32,5.12,"together and so I think one of the big debates 
is like should we still teach our kids to program  "
oX7OduG1YmI,1775.44,7.24,"computers even though you're going to have
these tools in the future that are just so much  "
oX7OduG1YmI,1782.68,6.32,"more powerful than anything that we have now to 
produce incredibly complicated pieces of software.  "
oX7OduG1YmI,1789.0,6.44,"I think the answer to that is probably yes 
because I think teaching someone how to code  "
oX7OduG1YmI,1795.44,6.08,"is teaching them a way to think rigorously and 
that even if they're not doing most of the code  "
oX7OduG1YmI,1801.52,4.56,"production I think it's important that you kind of 
have the ability to think in that way and I think  "
oX7OduG1YmI,1806.08,7.92,"it's going to just make you generally a better 
thinker and better person so yeah maybe that's  "
oX7OduG1YmI,1814.0,4.2,"like this generation's version of calculators 
it's like so you you want to you want to use the  "
oX7OduG1YmI,1818.2,6.92,"calculator but you'll also want to be able to 
generally do without it. Other ones like language  "
oX7OduG1YmI,1825.12,3.04,"I don't know I mean different people can come 
out I think this is one of the interesting  "
oX7OduG1YmI,1828.16,6.76,"questions about parenting these days is like is 
is just kind of like what what's important to  "
oX7OduG1YmI,1834.92,5.2,"teach your your kids and in an era where so much 
is going to change over the the time that they're  "
oX7OduG1YmI,1840.12,5.08,"even in school. Language I think you can make 
similar arguments. I think there's a lot of it's  "
oX7OduG1YmI,1845.2,4.4,"like it's probably going to be less functionally 
relevant in the future to learn multiple languages  "
oX7OduG1YmI,1849.6,5.24,"but it sort of helps you think in different ways,
you know I found from the languages that I've  "
oX7OduG1YmI,1854.84,5.8,"studied that a lot of it you learn about 
the structure of your own language, you can  "
oX7OduG1YmI,1860.64,3.84,"you know you also learn about the culture right 
because so much of how things are expressed in  "
oX7OduG1YmI,1864.48,5.48,"different places is tied to the nuance and the 
history of kind of what how so I think  "
oX7OduG1YmI,1869.96,5.56,"like you that's all valuable and interesting 
stuff to get into but then I don't know at the  "
oX7OduG1YmI,1875.52,3.12,"same time we only have so many hours in the day 
so people need to prioritize what they're going  "
oX7OduG1YmI,1878.64,5.12,"to learn and it may be that okay in a world with 
perfect translation which by the way we basically  "
oX7OduG1YmI,1883.76,4.16,"just announced on the Ray Ban Metas that now 
you're going to be able to just like you go to  "
oX7OduG1YmI,1888.52,5.08,"countries yeah we're starting out with just a few 
languages but we'll roll it out to more and you  "
oX7OduG1YmI,1893.6,3.2,"know you'll be you could be traveling anywhere and 
you have your glasses and they just translate in  "
oX7OduG1YmI,1896.8,6.04,"real time in your ear. So it's wild, yeah so 
I think people are going to need to choose what  "
oX7OduG1YmI,1902.84,5.24,"what what they want to focus on going forward. 
How do the developments that we've been talking  "
oX7OduG1YmI,1908.08,6.68,"about in AI intersect with social media and the 
platforms that most people use today? There's a "
oX7OduG1YmI,1914.76,8.92,"future where there's images and generated text 
and maybe AI influencers. How does generative  "
oX7OduG1YmI,1923.68,6.6,"AI change how social media feels in the future? 
Yeah I mean I think that that's a really  "
oX7OduG1YmI,1930.28,6.4,"deep one. You know there's already been one 
big shift which is that social media started  "
oX7OduG1YmI,1936.68,6.52,"out as people primarily interacting with their 
friends and now it is you know at least half of  "
oX7OduG1YmI,1943.2,4.84,"the content is basically people interacting 
with creators or content that's not created  "
oX7OduG1YmI,1948.04,8.28,"by people who they kind of personally know so 
we sort sort of already have that paradigm and  "
oX7OduG1YmI,1956.32,5.76,"I think AI is probably going to accelerate that. It 
will give all these people additional tools right  "
oX7OduG1YmI,1962.08,7.8,"so your friends will create kind of funnier memes 
and more interesting content um that'll come from  "
oX7OduG1YmI,1969.88,4.64,"a lot of different ways. I think some of it will 
be okay your friends have glasses and they capture  "
oX7OduG1YmI,1974.52,4.52,"a bunch of stuff and before they might have not 
been able bble to edit it to make it interesting  "
oX7OduG1YmI,1979.04,3.48,"or maybe it was just too much work or they didn't 
even realize that they captured something amazing  "
oX7OduG1YmI,1982.52,5.36,"but now the AI is like hey I like made this thing 
for you out of your content um it's like okay  "
oX7OduG1YmI,1987.88,7.64,"that's awesome like people will enjoy that. Creators 
obviously kind of much more specialized skills  "
oX7OduG1YmI,1995.52,5.24,"are going to be able to use even more advanced AI 
tools to make more compelling content but then I  "
oX7OduG1YmI,2000.76,6.44,"think that there will be a bunch of kind of green 
field type stuff where maybe in the future there  "
oX7OduG1YmI,2007.2,8.28,"will be content that is purely generated by AI 
by the system personalized for you maybe it's  "
oX7OduG1YmI,2015.48,6.12,"summarizing things that are out there that that 
are going to be interesting maybe it's um just  "
oX7OduG1YmI,2021.6,5.36,"producing something funny that makes you laugh 
this is going to be like a very kind of deep zone  "
oX7OduG1YmI,2026.96,5.2,"that there's a lot to to experiment with. 
I think there are going to be AI creators as well, "
oX7OduG1YmI,2032.16,5.88,"as creators building AI versions of themselves, 
I mean that's a thing that we just showed too  "
oX7OduG1YmI,2038.04,4.68,"at Connect is basically I mean if you're
a Creator one of the big challenges is  "
oX7OduG1YmI,2042.72,5.32,"like all right there are only so many hours 
in the day and your community probably has a  "
oX7OduG1YmI,2048.04,3.88,"nearly unlimited demand to interact with you and 
you want to interact with them because you're  "
oX7OduG1YmI,2051.92,4.32,"trying to grow your community. I mean that's both 
socially and from a business perspective that's  "
oX7OduG1YmI,2056.24,4.68,"sort of you know growing the community is an 
important part of what every creator does so  "
oX7OduG1YmI,2060.92,6.8,"okay if we can make it so that each creator 
can basically make an like an AI artifact  "
oX7OduG1YmI,2068.24,4.64,"that their community can interact with people be 
clear it's not the actual creator themselves but  "
oX7OduG1YmI,2072.88,4.6,"it's almost like a piece of digital art that 
you're producing like an interactive sculpture  "
oX7OduG1YmI,2077.48,3.96,"or something that it's like it's like you train 
it to here's the context that I wanted to have  "
oX7OduG1YmI,2081.44,3.72,"here's the topics I wanted to communicate 
on here's stuff that I wanted to stay away  "
oX7OduG1YmI,2085.16,6.56,"from you're giving your community something to 
interact with when you can't be there to to kind  "
oX7OduG1YmI,2091.72,6.12,"of answer all the questions and I think that's 
going to be super compelling so there's like  "
oX7OduG1YmI,2097.84,6.88,"these interesting things but I think it's I AI 
it's kind of like the internet in a way where  "
oX7OduG1YmI,2104.72,7.24,"it's probably going to change almost every field 
and almost every feature of every application that  "
oX7OduG1YmI,2111.96,6.88,"we use um it seems sort of hyperbolic to say that 
but I do think that's true and it's just hard to  "
oX7OduG1YmI,2118.84,4.4,"sort of enumerate all the different things up 
front but I think that over the next 5 to 10  "
oX7OduG1YmI,2123.24,3.84,"years we're just going to explore the impacts 
in each of these areas and it's going to be  "
oX7OduG1YmI,2127.08,5.76,"like an amazing amount of innovation and really 
exciting. I feel two things simultaneously when  "
oX7OduG1YmI,2132.84,5.68,"you say that. I feel both like I really want 
to be optimistic about the future of these  "
oX7OduG1YmI,2138.52,7.04,"platforms and I obviously have gained so much from 
an enormous pace of change right like everything  "
oX7OduG1YmI,2145.56,8.6,"that we're doing now and what I actually feel is 
worried. I feel some specific concerns around the  "
oX7OduG1YmI,2154.16,3.64,"way that you know I might communicate with an 
audience and the way that they might respond to  "
oX7OduG1YmI,2157.8,4.8,"that or the way that human communication might 
change but also more generalized just sort of  "
oX7OduG1YmI,2162.6,4.52,"fear of the pace of change and and worry and I 
don't think I'm alone in that feeling. Yeah and  "
oX7OduG1YmI,2167.12,7.0,"you're supposed to be the optimist! I know! And I'm 
curious like how you talk to people who feel that  "
oX7OduG1YmI,2174.12,7.76,"way. What concerns do you feel are most legitimate 
and what do you feel most misunderstood? I think  "
oX7OduG1YmI,2181.88,8.12,"the pace of change is always a concerning 
thing right it's there is a lot of uncertainty  "
oX7OduG1YmI,2190.0,5.56,"about how how things will go in the future and 
we're all going to get really amazing new tools  "
oX7OduG1YmI,2195.56,8.64,"to do both our hobbies and our jobs and
they'll make it so we can do better work and  "
oX7OduG1YmI,2204.2,4.6,"have better lives but at least on the professional 
side it's going to be our responsibility to keep  "
oX7OduG1YmI,2208.8,4.4,"up with that or else it's going to be difficult 
for us to compete with other people who are  "
oX7OduG1YmI,2213.2,4.32,"doing a good job of kind of keeping up with 
the new trends. So I get it. I mean I think  "
oX7OduG1YmI,2218.28,5.96,"you know especially in the you know line of of 
work of being a creator and it's a very sort of  "
oX7OduG1YmI,2224.24,3.56,"competitive space, I don't think that like creators 
necessarily think about it as competitive but it  "
oX7OduG1YmI,2227.8,8.2,"is right it's like it's you know and um and so I 
get it. I think that this is going to make it so  "
oX7OduG1YmI,2236.0,4.64,"that like the quality of work that people produce 
and how interesting it is and how much they can  "
oX7OduG1YmI,2240.64,6.88,"communicate and like really efficiently is is 
just going to kind of go through the roof but  "
oX7OduG1YmI,2248.04,7.84,"but when you're staring down a set of changes like 
you know that there's some big change coming and  "
oX7OduG1YmI,2255.88,6.12,"you don't know what it is that's always a time of 
anxiety so I get it. If I take my creator hat  "
oX7OduG1YmI,2262.0,9.32,"off and I'm just a person who is youngish starting 
out my career-ish, starting out building a family,  "
oX7OduG1YmI,2271.32,9.4,"how would you advise someone like me to prepare 
well for the future that we're headed toward  "
oX7OduG1YmI,2280.72,8.72,"to be able to learn new skills now or just think 
about this future in an educated way? Yeah I mean  "
oX7OduG1YmI,2289.44,7.48,"I just think maintaining curiosity about things is 
is important. I do think we can overstate to what  "
oX7OduG1YmI,2296.92,4.48,"extent the next 10 years is going to be sort of 
different from the last 10 or 15. I mean a ton of  "
oX7OduG1YmI,2301.4,4.24,"stuff changed over the last 10 or 15 years too. 
It's not like this is the only time in history  "
oX7OduG1YmI,2305.64,4.88,"where there's some technology it's going to make 
it so there's new opportunities and things change  "
oX7OduG1YmI,2310.52,6.12,"the internet coming into maturity and everyone 
having smartphones has already rewired things  "
oX7OduG1YmI,2316.64,8.12,"dramatically and I mean maybe the next period will 
be a somewhat bigger change or maybe it won't I  "
oX7OduG1YmI,2324.76,6.44,"think it'll feel different to different people but
 I don't think this is like going from zero to  "
oX7OduG1YmI,2331.2,4.12,"one it's not like okay everything's just kind of 
been normal and now like now it's about to change  "
oX7OduG1YmI,2335.32,5.76,"it's like the technology of evolves over time and 
and like the opportunities that we have evolve and  "
oX7OduG1YmI,2341.08,5.56,"improve and I think that's like the people who 
do well I think are are people who are generally  "
oX7OduG1YmI,2346.64,8.16,"curious about it and and dig in and and try 
to use it to live better lives rather than the  "
oX7OduG1YmI,2354.8,8.6,"people who who basically you know try to fight it 
in in some way. One thing that I really want to ask  "
oX7OduG1YmI,2363.4,7.36,"you about is open source. Yeah. I think imagine that 
we're talking to an audience that has maybe heard  "
oX7OduG1YmI,2370.76,6.68,"that term but doesn't have any real idea of how 
that might impact them in the development of AI. "
oX7OduG1YmI,2377.44,4.2,"How would you explain the reasonable debate 
that people in your field are having about this  "
oX7OduG1YmI,2381.64,5.76,"right now? Well I think there are two pieces. I mean 
so what does open source mean? It means that people  "
oX7OduG1YmI,2387.4,5.56,"can build a lot of different things right so at 
a high level I look at the vision that a bunch of  "
oX7OduG1YmI,2392.96,6.56,"companies have right so Open AI, Google, they're 
building an AI right like one AI that I think  "
oX7OduG1YmI,2399.52,3.84,"in general they're like okay this is going to be 
it's like you're going to use they think you're  "
oX7OduG1YmI,2403.36,4.16,"going to use Gemini or ChatGPT for like all the 
different things that you want to interact with  "
oX7OduG1YmI,2407.52,3.84,"and at a high level that's just not how I think 
the world is going to go. I think we're going to  "
oX7OduG1YmI,2411.36,5.8,"have a lot of different AI systems just like we're 
going to have we have a lot of different apps.  "
oX7OduG1YmI,2417.16,5.6,"I think in the future every business just like 
they have a website and a phone number and an  "
oX7OduG1YmI,2422.76,5.28,"email address and a social media account is also 
going to have an AI that can interact with with  "
oX7OduG1YmI,2428.04,6.44,"their customers to help them sell things to help 
them do support. I think a lot of creators will  "
oX7OduG1YmI,2434.48,4.52,"have their own AIs right I think like a lot 
of people will interact with with a bunch of  "
oX7OduG1YmI,2439.0,6.52,"different things. There's a question of okay do you 
want a future that's fundamentally kind of very  "
oX7OduG1YmI,2445.52,4.72,"concentrated and where you're interacting with 
kind of one system for everything or do you want  "
oX7OduG1YmI,2450.24,6.04,"one where a lot of different people are building
a lot of different AIs and systems just kind  "
oX7OduG1YmI,2456.28,4.52,"of like you probably didn't want there to be you 
know just one app or just one website. It's like a  "
oX7OduG1YmI,2460.8,4.84,"richer world when there's a diversity of different 
things so that's one piece is is just giving  "
oX7OduG1YmI,2465.64,3.6,"people the ability to build it themselves and 
what open source does it makes it that everyone  "
oX7OduG1YmI,2469.24,6.12,"can take and modify the model and build stuff on 
top of it which is different from the kind  "
oX7OduG1YmI,2475.36,11.56,"of closed and centralized approach. The safety 
debate is a specific part of this which is in a  "
oX7OduG1YmI,2486.92,8.2,"world where AI gets smarter and smarter, what's the 
way that we have the highest chance of of having a  "
oX7OduG1YmI,2495.12,5.16,"a a kind of positive future and and not having 
a lot of the safety concerns? And I think some  "
oX7OduG1YmI,2500.28,8.24,"people think that if we keep the model closed 
and don't give it to a lot of developers that  "
oX7OduG1YmI,2508.52,8.72,"should make it safer because then you don't get 
bad developers doing bad things with the model."
oX7OduG1YmI,2519.44,5.8,"Historically I think what we've seen with open 
source is actually the opposite which is that  "
oX7OduG1YmI,2525.24,4.0,"this is not the first open source project right 
I mean this is obviously this has been a thing in  "
oX7OduG1YmI,2529.24,5.2,"the industry for decades and I think what we've 
traditionally seen is that open source software  "
oX7OduG1YmI,2534.44,6.52,"is safer and more secure largely because you put 
it out there more people can scrutinize it because  "
oX7OduG1YmI,2540.96,6.56,"they can see all parts of the system and then 
there are inevitably issues with any software  "
oX7OduG1YmI,2547.52,4.92,"there are bugs there are security issues and 
initially with open source people thought hey if  "
oX7OduG1YmI,2552.44,3.92,"you're putting the software out there and there 
are holes in it isn't everyone just going to go  "
oX7OduG1YmI,2556.36,4.92,"exploit those holes and especially the bad 
guys but it turned out that it sort of in this  "
oX7OduG1YmI,2561.28,8.08,"counterintuitive way that by making by adding more 
scrutiny to the systems the holes became apparent  "
oX7OduG1YmI,2569.36,3.32,"quicker and then were fixed and then people 
roll out a new version just like we roll out  "
oX7OduG1YmI,2572.68,7.0,"a new version of our models right Llama 3, Llama 
3.1, Llama 3.2 everyone upgrades, so I think the  "
oX7OduG1YmI,2579.68,5.28,"same thing is going to happen here I think it's 
sort of this counterintuitive thing where even  "
oX7OduG1YmI,2584.96,7.24,"though I I think there's some concern around all 
right are bad guys going to do bad things with  "
oX7OduG1YmI,2592.2,6.08,"these models. I actually think you just get a kind 
of smarter and safer model for everyone the more  "
oX7OduG1YmI,2598.28,5.04,"it's rolled out and the more kind of scrutiny 
is on it and then part of that is we get  "
oX7OduG1YmI,2603.32,4.48,"feedback and we make the model safer so that is 
we roll it out to to more people it's safer  "
oX7OduG1YmI,2607.8,5.72,"for more people to use. So I think that the history 
of open source in the software industry generally  "
oX7OduG1YmI,2613.52,5.76,"would suggest that open source is going to lead 
to a more prosperous and safer future. Our show  "
oX7OduG1YmI,2619.28,6.76,"is called Huge If True and what I mean by that is 
kind of testing the most optimistic non-obvious  "
oX7OduG1YmI,2626.04,5.64,"thing and so my question to you is what is the 
biggest open genuine question on your mind right"
oX7OduG1YmI,2631.68,15.48,"now? In which field? You're in so many! I am 
particularly curious about the combination of  "
oX7OduG1YmI,2647.16,5.24,"AI and hardware but I realize that we've covered 
a lot so I'm curious the direction you'd take this  "
oX7OduG1YmI,2652.4,4.68,"on a question that occupies you right now. Gosh 
I mean I think maybe one that's a little more  "
oX7OduG1YmI,2657.08,8.4,"AI specific is there a current set of methods 
that seem to be scaling very well right so with  "
oX7OduG1YmI,2665.48,6.88,"past AI architecture you could kind of feed an 
AI system a certain amount of data and and use  "
oX7OduG1YmI,2672.36,4.84,"a certain amount of compute but eventually it 
hit a plateau and one of the interesting things  "
oX7OduG1YmI,2677.2,7.04,"about these new transformer based architectures 
over the last you know 5 to 10 years is that we  "
oX7OduG1YmI,2684.24,8.6,"haven't found the end yet. So that leads to this 
dynamic where Llama 3 you know we could train on  "
oX7OduG1YmI,2692.84,6.64,"you know 10 to 20,000 gpus, Llama 4 we could train 
on you know more more than 100,000 gpus, Llama 5  "
oX7OduG1YmI,2699.48,6.8,"we can plan to scale even further and there's just 
an interesting question of how far that goes. It's  "
oX7OduG1YmI,2706.28,5.6,"totally possible that at some point we just like 
hit a limit and just like previous systems there's  "
oX7OduG1YmI,2711.88,6.0,"an asymptote and it doesn't keep on growing but 
it's also possible that that limit is not going  "
oX7OduG1YmI,2717.88,6.64,"to happen anytime soon and that we're going to be 
able to keep on just building more clusters and  "
oX7OduG1YmI,2724.52,5.88,"generating more you know synthetic data train the 
systems and that they're just going to keep on  "
oX7OduG1YmI,2730.4,6.24,"getting more and more useful for people for quite 
a while to come and it's a really big and high  "
oX7OduG1YmI,2736.64,6.12,"stakes question I think for for the company is 
because we're basically making these bets on how  "
oX7OduG1YmI,2742.76,5.44,"much infrastructure to build out for the future 
and this is like hundreds of billions of dollars  "
oX7OduG1YmI,2748.2,6.08,"of infrastructure so like I'm clearly betting 
that this is going to keep scaling for a while  "
oX7OduG1YmI,2754.28,5.2,"but it's one of the big questions I think in the 
field because it is possible that it doesn't. You  "
oX7OduG1YmI,2759.48,5.12,"know that obviously would lead to a very different 
world where it's I mean I'm sure people still  "
oX7OduG1YmI,2764.6,4.44,"figure it out eventually just need to make some 
new fundamental improvements to the architecture  "
oX7OduG1YmI,2769.04,6.64,"in some way but that might be a somewhat longer 
trajectory for okay maybe you know the the kind  "
oX7OduG1YmI,2775.68,5.92,"of fundamental AI advances slow down for a bit 
and we just take some time to build new products  "
oX7OduG1YmI,2781.6,4.92,"around this or it could be the case and that's 
what I'm betting on that the fundamental AI will  "
oX7OduG1YmI,2786.52,5.32,"just continue advancing for quite a while and that 
we're going to get both a new set of products that  "
oX7OduG1YmI,2791.84,4.0,"are just really compelling in all these ways 
and that the technology landscape and what's  "
oX7OduG1YmI,2795.84,6.16,"possible will just continue being dynamic over 
like a 20-year period and that's probably what  "
oX7OduG1YmI,2802.0,4.68,"I'd guess is going to happen but it I think it's 
one of the bigger questions in the industry and  "
oX7OduG1YmI,2806.68,5.84,"kind of for technology across the world today. 
Is there anything else that you want to say? I  "
oX7OduG1YmI,2812.52,17.04,"don't know! Awesome. We're good. Amazing yeah thank 
you so much for doing this. Yeah no thank you..."
